2017,6,16,9,24,31,50.0
2017,6,16,9,24,32,49.9
2017,6,16,9,24,33,49.8
2017,6,16,9,24,34,50.1
2017,6,16,9,24,35,53.7
2017,6,16,9,24,36,79.5
2017,6,16,9,24,37,60.6
2017,6,16,9,24,38,81.2
2017,6,16,9,24,39,57.0
2017,6,16,9,24,40,58.3
2017,6,16,9,24,41,57.9
2017,6,16,9,24,42,59.9
2017,6,16,9,24,43,55.1
2017,6,16,9,24,44,51.7
2017,6,16,9,24,45,48.0
2017,6,16,9,24,46,48.0
2017,6,16,9,24,47,48.9
2017,6,16,9,24,48,50.0
2017,6,16,9,24,49,53.8
2017,6,16,9,24,50,51.2
2017,6,16,9,24,51,51.5
2017,6,16,9,24,52,52.2
2017,6,16,9,24,53,52.7
2017,6,16,9,24,54,52.6
2017,6,16,9,24,55,54.5
2017,6,16,9,24,56,87.3
2017,6,16,9,24,57,52.1
2017,6,16,9,24,58,53.7
2017,6,16,9,24,59,51.9
2017,6,16,9,25,0,50.7
2017,6,16,9,25,1,51.1
2017,6,16,9,25,2,54.7
2017,6,16,9,25,3,55.7
2017,6,16,9,25,4,53.1
2017,6,16,9,25,5,50.1
2017,6,16,9,25,6,55.1
2017,6,16,9,25,7,51.7
2017,6,16,9,25,8,49.2
2017,6,16,9,25,9,51.3
2017,6,16,9,25,10,48.5
2017,6,16,9,25,11,48.3
2017,6,16,9,25,12,53.3
2017,6,16,9,25,13,55.2
2017,6,16,9,25,14,55.7
2017,6,16,9,25,15,55.0
2017,6,16,9,25,16,54.4
2017,6,16,9,25,17,51.9
2017,6,16,9,25,18,47.9
2017,6,16,9,25,19,44.5
2017,6,16,9,25,20,44.3
2017,6,16,9,25,21,44.5
2017,6,16,9,25,22,47.9
2017,6,16,9,25,23,47.6
2017,6,16,9,25,24,47.4
2017,6,16,9,25,25,48.8
2017,6,16,9,25,26,51.5
2017,6,16,9,25,27,50.8
2017,6,16,9,25,28,49.9
2017,6,16,9,25,29,49.3
2017,6,16,9,25,30,50.3
2017,6,16,9,25,31,51.4
2017,6,16,9,25,32,50.2
2017,6,16,9,25,33,50.3
2017,6,16,9,25,34,51.3
2017,6,16,9,25,35,51.7
2017,6,16,9,25,36,52.6
2017,6,16,9,25,37,50.3
2017,6,16,9,25,38,48.3
2017,6,16,9,25,39,49.1
2017,6,16,9,25,40,53.7
2017,6,16,9,25,41,54.4
2017,6,16,9,25,42,51.8
2017,6,16,9,25,43,56.7
2017,6,16,9,25,44,56.1
2017,6,16,9,25,45,53.5
2017,6,16,9,25,46,52.8
2017,6,16,9,25,47,53.6
2017,6,16,9,25,48,51.2
2017,6,16,9,25,49,52.0
2017,6,16,9,25,50,52.9
2017,6,16,9,25,51,51.3
2017,6,16,9,25,52,51.8
2017,6,16,9,25,53,53.0
2017,6,16,9,25,54,53.4
2017,6,16,9,25,55,53.0
2017,6,16,9,25,56,53.8
2017,6,16,9,25,57,54.1
2017,6,16,9,25,58,52.4
2017,6,16,9,25,59,49.8
2017,6,16,9,26,0,48.1
2017,6,16,9,26,1,47.5
2017,6,16,9,26,2,46.6
2017,6,16,9,26,3,47.7
2017,6,16,9,26,4,49.3
2017,6,16,9,26,5,50.9
2017,6,16,9,26,6,50.0
2017,6,16,9,26,7,49.2
2017,6,16,9,26,8,49.2
2017,6,16,9,26,9,50.6
2017,6,16,9,26,10,51.9
2017,6,16,9,26,11,53.4
2017,6,16,9,26,12,55.6
2017,6,16,9,26,13,57.1
2017,6,16,9,26,14,55.9
2017,6,16,9,26,15,54.1
2017,6,16,9,26,16,52.2
2017,6,16,9,26,17,50.5
2017,6,16,9,26,18,49.1
2017,6,16,9,26,19,48.3
2017,6,16,9,26,20,48.3
2017,6,16,9,26,21,48.1
2017,6,16,9,26,22,48.8
2017,6,16,9,26,23,48.2
2017,6,16,9,26,24,48.4
2017,6,16,9,26,25,48.2
2017,6,16,9,26,26,49.1
2017,6,16,9,26,27,48.6
2017,6,16,9,26,28,51.3
2017,6,16,9,26,29,54.8
2017,6,16,9,26,30,55.8
2017,6,16,9,26,31,55.7
2017,6,16,9,26,32,54.8
2017,6,16,9,26,33,52.8
2017,6,16,9,26,34,50.6
2017,6,16,9,26,35,49.5
2017,6,16,9,26,36,50.0
2017,6,16,9,26,37,48.8
2017,6,16,9,26,38,48.0
2017,6,16,9,26,39,49.3
2017,6,16,9,26,40,51.2
2017,6,16,9,26,41,51.8
2017,6,16,9,26,42,51.5
2017,6,16,9,26,43,50.8
2017,6,16,9,26,44,49.0
2017,6,16,9,26,45,47.3
2017,6,16,9,26,46,49.8
2017,6,16,9,26,47,54.4
2017,6,16,9,26,48,54.0
2017,6,16,9,26,49,53.4
2017,6,16,9,26,50,54.8
2017,6,16,9,26,51,55.8
2017,6,16,9,26,52,53.0
2017,6,16,9,26,53,54.4
2017,6,16,9,26,54,53.1
2017,6,16,9,26,55,53.0
2017,6,16,9,26,56,49.0
2017,6,16,9,26,57,46.6
2017,6,16,9,26,58,47.9
2017,6,16,9,26,59,46.0
2017,6,16,9,27,0,45.9
2017,6,16,9,27,1,46.4
2017,6,16,9,27,2,47.9
2017,6,16,9,27,3,52.1
2017,6,16,9,27,4,53.7
2017,6,16,9,27,5,54.8
2017,6,16,9,27,6,52.7
2017,6,16,9,27,7,52.5
2017,6,16,9,27,8,51.4
2017,6,16,9,27,9,52.8
2017,6,16,9,27,10,59.9
2017,6,16,9,27,11,52.1
2017,6,16,9,27,12,52.7
2017,6,16,9,27,13,52.7
2017,6,16,9,27,14,52.3
2017,6,16,9,27,15,52.7
2017,6,16,9,27,16,52.8
2017,6,16,9,27,17,51.9
2017,6,16,9,27,18,50.4
2017,6,16,9,27,19,48.0
2017,6,16,9,27,20,49.4
2017,6,16,9,27,21,52.4
2017,6,16,9,27,22,53.6
2017,6,16,9,27,23,52.4
2017,6,16,9,27,24,51.0
2017,6,16,9,27,25,53.4
2017,6,16,9,27,26,49.9
2017,6,16,9,27,27,50.4
2017,6,16,9,27,28,50.6
2017,6,16,9,27,29,50.7
2017,6,16,9,27,30,56.9
2017,6,16,9,27,31,54.5
2017,6,16,9,27,32,54.5
2017,6,16,9,27,33,53.4
2017,6,16,9,27,34,54.2
2017,6,16,9,27,35,51.1
2017,6,16,9,27,36,50.2
2017,6,16,9,27,37,49.3
2017,6,16,9,27,38,47.8
2017,6,16,9,27,39,48.0
2017,6,16,9,27,40,50.8
2017,6,16,9,27,41,50.5
2017,6,16,9,27,42,48.1
2017,6,16,9,27,43,48.7
2017,6,16,9,27,44,51.0
2017,6,16,9,27,45,51.5
2017,6,16,9,27,46,49.3
2017,6,16,9,27,47,49.7
2017,6,16,9,27,48,48.4
2017,6,16,9,27,49,49.7
2017,6,16,9,27,50,52.8
2017,6,16,9,27,51,54.5
2017,6,16,9,27,52,54.5
2017,6,16,9,27,53,52.7
2017,6,16,9,27,54,50.4
2017,6,16,9,27,55,49.5
2017,6,16,9,27,56,51.4
2017,6,16,9,27,57,51.7
2017,6,16,9,27,58,50.7
2017,6,16,9,27,59,53.5
2017,6,16,9,28,0,50.0
2017,6,16,9,28,1,45.2
2017,6,16,9,28,2,51.3
2017,6,16,9,28,3,54.0
2017,6,16,9,28,4,52.8
2017,6,16,9,28,5,51.4
2017,6,16,9,28,6,51.5
2017,6,16,9,28,7,53.3
2017,6,16,9,28,8,53.2
2017,6,16,9,28,9,53.5
2017,6,16,9,28,10,53.7
2017,6,16,9,28,11,53.3
2017,6,16,9,28,12,53.5
2017,6,16,9,28,13,50.1
2017,6,16,9,28,14,51.1
2017,6,16,9,28,15,51.2
2017,6,16,9,28,16,51.6
2017,6,16,9,28,17,50.7
2017,6,16,9,28,18,49.2
2017,6,16,9,28,19,50.8
2017,6,16,9,28,20,52.8
2017,6,16,9,28,21,51.7
2017,6,16,9,28,22,51.8
2017,6,16,9,28,23,52.4
2017,6,16,9,28,24,52.7
2017,6,16,9,28,25,52.4
2017,6,16,9,28,26,50.7
2017,6,16,9,28,27,48.7
2017,6,16,9,28,28,49.4
2017,6,16,9,28,29,49.5
2017,6,16,9,28,30,48.3
2017,6,16,9,28,31,45.9
2017,6,16,9,28,32,44.4
2017,6,16,9,28,33,44.4
2017,6,16,9,28,34,45.8
2017,6,16,9,28,35,48.4
2017,6,16,9,28,36,51.4
2017,6,16,9,28,37,52.6
2017,6,16,9,28,38,52.7
2017,6,16,9,28,39,53.4
2017,6,16,9,28,40,53.8
2017,6,16,9,28,41,53.3
2017,6,16,9,28,42,51.7
2017,6,16,9,28,43,53.0
2017,6,16,9,28,44,50.4
2017,6,16,9,28,45,53.9
2017,6,16,9,28,46,53.0
2017,6,16,9,28,47,50.3
2017,6,16,9,28,48,48.9
2017,6,16,9,28,49,47.1
2017,6,16,9,28,50,46.9
2017,6,16,9,28,51,47.6
2017,6,16,9,28,52,48.7
2017,6,16,9,28,53,48.6
2017,6,16,9,28,54,48.4
2017,6,16,9,28,55,47.9
2017,6,16,9,28,56,47.9
2017,6,16,9,28,57,49.8
2017,6,16,9,28,58,50.9
2017,6,16,9,28,59,51.8
2017,6,16,9,29,0,49.1
2017,6,16,9,29,1,47.5
2017,6,16,9,29,2,46.0
2017,6,16,9,29,3,45.6
2017,6,16,9,29,4,47.7
2017,6,16,9,29,5,48.5
2017,6,16,9,29,6,49.5
2017,6,16,9,29,7,49.9
2017,6,16,9,29,8,49.5
2017,6,16,9,29,9,49.8
2017,6,16,9,29,10,50.1
2017,6,16,9,29,11,51.8
2017,6,16,9,29,12,54.2
2017,6,16,9,29,13,58.7
2017,6,16,9,29,14,58.4
2017,6,16,9,29,15,54.1
2017,6,16,9,29,16,54.3
2017,6,16,9,29,17,54.4
2017,6,16,9,29,18,52.9
2017,6,16,9,29,19,50.8
2017,6,16,9,29,20,50.5
2017,6,16,9,29,21,50.8
2017,6,16,9,29,22,49.2
2017,6,16,9,29,23,49.1
2017,6,16,9,29,24,48.8
2017,6,16,9,29,25,49.0
2017,6,16,9,29,26,50.6
2017,6,16,9,29,27,50.5
2017,6,16,9,29,28,50.9
2017,6,16,9,29,29,52.1
2017,6,16,9,29,30,51.8
2017,6,16,9,29,31,51.5
2017,6,16,9,29,32,50.7
2017,6,16,9,29,33,52.0
2017,6,16,9,29,34,50.9
2017,6,16,9,29,35,50.9
2017,6,16,9,29,36,49.4
2017,6,16,9,29,37,50.0
2017,6,16,9,29,38,51.9
2017,6,16,9,29,39,54.5
2017,6,16,9,29,40,55.0
2017,6,16,9,29,41,55.9
2017,6,16,9,29,42,54.4
2017,6,16,9,29,43,52.3
2017,6,16,9,29,44,51.9
2017,6,16,9,29,45,50.9
2017,6,16,9,29,46,50.0
2017,6,16,9,29,47,52.5
2017,6,16,9,29,48,52.8
2017,6,16,9,29,49,50.1
2017,6,16,9,29,50,48.2
2017,6,16,9,29,51,47.3
2017,6,16,9,29,52,47.0
2017,6,16,9,29,53,50.0
2017,6,16,9,29,54,49.7
2017,6,16,9,29,55,49.3
2017,6,16,9,29,56,51.9
2017,6,16,9,29,57,54.0
2017,6,16,9,29,58,54.8
2017,6,16,9,29,59,55.1
2017,6,16,9,30,0,54.7
2017,6,16,9,30,1,53.7
2017,6,16,9,30,2,52.8
2017,6,16,9,30,3,50.9
2017,6,16,9,30,4,51.6
2017,6,16,9,30,5,47.3
2017,6,16,9,30,6,46.5
2017,6,16,9,30,7,47.4
2017,6,16,9,30,8,47.9
2017,6,16,9,30,9,49.0
2017,6,16,9,30,10,48.7
2017,6,16,9,30,11,50.5
2017,6,16,9,30,12,52.1
2017,6,16,9,30,13,54.2
2017,6,16,9,30,14,53.8
2017,6,16,9,30,15,55.0
2017,6,16,9,30,16,55.8
2017,6,16,9,30,17,55.4
2017,6,16,9,30,18,55.4
2017,6,16,9,30,19,54.2
2017,6,16,9,30,20,51.9
2017,6,16,9,30,21,48.9
2017,6,16,9,30,22,48.6
2017,6,16,9,30,23,49.4
2017,6,16,9,30,24,49.2
2017,6,16,9,30,25,47.3
2017,6,16,9,30,26,48.1
2017,6,16,9,30,27,47.7
2017,6,16,9,30,28,47.9
2017,6,16,9,30,29,47.2
2017,6,16,9,30,30,48.1
2017,6,16,9,30,31,48.1
2017,6,16,9,30,32,53.0
2017,6,16,9,30,33,51.5
2017,6,16,9,30,34,53.6
2017,6,16,9,30,35,52.2
2017,6,16,9,30,36,55.0
2017,6,16,9,30,37,52.8
2017,6,16,9,30,38,52.5
2017,6,16,9,30,39,53.3
2017,6,16,9,30,40,53.2
2017,6,16,9,30,41,53.7
2017,6,16,9,30,42,54.4
2017,6,16,9,30,43,52.7
2017,6,16,9,30,44,50.9
2017,6,16,9,30,45,45.2
2017,6,16,9,30,46,46.3
2017,6,16,9,30,47,50.3
2017,6,16,9,30,48,50.0
2017,6,16,9,30,49,51.0
2017,6,16,9,30,50,51.9
2017,6,16,9,30,51,53.8
2017,6,16,9,30,52,54.1
2017,6,16,9,30,53,53.8
2017,6,16,9,30,54,52.1
2017,6,16,9,30,55,52.7
2017,6,16,9,30,56,52.5
2017,6,16,9,30,57,52.8
2017,6,16,9,30,58,53.7
2017,6,16,9,30,59,53.5
2017,6,16,9,31,0,51.5
2017,6,16,9,31,1,50.9
2017,6,16,9,31,2,55.1
2017,6,16,9,31,3,57.4
2017,6,16,9,31,4,55.8
2017,6,16,9,31,5,53.3
2017,6,16,9,31,6,52.5
2017,6,16,9,31,7,51.1
2017,6,16,9,31,8,51.1
2017,6,16,9,31,9,50.0
2017,6,16,9,31,10,51.0
2017,6,16,9,31,11,50.8
2017,6,16,9,31,12,50.3
2017,6,16,9,31,13,52.7
2017,6,16,9,31,14,53.0
2017,6,16,9,31,15,52.6
2017,6,16,9,31,16,53.4
2017,6,16,9,31,17,53.5
2017,6,16,9,31,18,53.0
2017,6,16,9,31,19,51.7
2017,6,16,9,31,20,52.2
2017,6,16,9,31,21,54.3
2017,6,16,9,31,22,52.9
2017,6,16,9,31,23,51.8
2017,6,16,9,31,24,51.5
2017,6,16,9,31,25,51.7
2017,6,16,9,31,26,61.8
2017,6,16,9,31,27,61.4
2017,6,16,9,31,28,51.7
2017,6,16,9,31,29,56.1
2017,6,16,9,31,30,53.2
2017,6,16,9,31,31,54.7
2017,6,16,9,31,32,52.5
2017,6,16,9,31,33,56.7
2017,6,16,9,31,34,58.3
2017,6,16,9,31,35,54.3
2017,6,16,9,31,36,58.6
2017,6,16,9,31,37,52.7
2017,6,16,9,31,38,56.3
2017,6,16,9,31,39,49.1
2017,6,16,9,31,40,63.0
2017,6,16,9,31,41,58.1
2017,6,16,9,31,42,53.7
2017,6,16,9,31,43,56.7
2017,6,16,9,31,44,61.9
2017,6,16,9,31,45,53.3
2017,6,16,9,31,46,55.8
2017,6,16,9,31,47,52.6
2017,6,16,9,31,48,51.8
2017,6,16,9,31,49,60.7
2017,6,16,9,31,50,52.2
2017,6,16,9,31,51,55.5
2017,6,16,9,31,52,56.7
2017,6,16,9,31,53,50.9
2017,6,16,9,31,54,56.1
2017,6,16,9,31,55,50.1
2017,6,16,9,31,56,50.6
2017,6,16,9,31,57,51.2
2017,6,16,9,31,58,50.6
2017,6,16,9,31,59,51.9
2017,6,16,9,32,0,54.9
2017,6,16,9,32,1,52.9
2017,6,16,9,32,2,54.3
2017,6,16,9,32,3,54.1
2017,6,16,9,32,4,52.6
2017,6,16,9,32,5,52.5
2017,6,16,9,32,6,53.8
2017,6,16,9,32,7,53.1
2017,6,16,9,32,8,53.1
2017,6,16,9,32,9,52.8
2017,6,16,9,32,10,53.2
2017,6,16,9,32,11,55.1
2017,6,16,9,32,12,53.9
2017,6,16,9,32,13,51.6
2017,6,16,9,32,14,52.7
2017,6,16,9,32,15,55.0
2017,6,16,9,32,16,53.0
2017,6,16,9,32,17,51.3
2017,6,16,9,32,18,51.9
2017,6,16,9,32,19,55.9
2017,6,16,9,32,20,54.3
2017,6,16,9,32,21,51.7
2017,6,16,9,32,22,52.1
2017,6,16,9,32,23,50.9
2017,6,16,9,32,24,50.7
2017,6,16,9,32,25,53.0
2017,6,16,9,32,26,48.2
2017,6,16,9,32,27,52.2
2017,6,16,9,32,28,54.6
2017,6,16,9,32,29,53.2
2017,6,16,9,32,30,52.1
2017,6,16,9,32,31,50.5
2017,6,16,9,32,32,54.2
2017,6,16,9,32,33,54.4
2017,6,16,9,32,34,51.0
2017,6,16,9,32,35,51.2
2017,6,16,9,32,36,49.0
2017,6,16,9,32,37,47.5
2017,6,16,9,32,38,47.5
2017,6,16,9,32,39,48.8
2017,6,16,9,32,40,49.0
2017,6,16,9,32,41,52.1
2017,6,16,9,32,42,52.4
2017,6,16,9,32,43,53.5
2017,6,16,9,32,44,53.2
2017,6,16,9,32,45,53.2
2017,6,16,9,32,46,52.5
2017,6,16,9,32,47,49.6
2017,6,16,9,32,48,49.7
2017,6,16,9,32,49,51.5
2017,6,16,9,32,50,52.2
2017,6,16,9,32,51,50.8
2017,6,16,9,32,52,51.0
2017,6,16,9,32,53,53.2
2017,6,16,9,32,54,52.3
2017,6,16,9,32,55,51.9
2017,6,16,9,32,56,52.1
2017,6,16,9,32,57,52.1
2017,6,16,9,32,58,51.5
2017,6,16,9,32,59,50.5
2017,6,16,9,33,0,50.4
2017,6,16,9,33,1,51.9
2017,6,16,9,33,2,52.0
2017,6,16,9,33,3,50.6
2017,6,16,9,33,4,51.1
2017,6,16,9,33,5,52.8
2017,6,16,9,33,6,52.4
2017,6,16,9,33,7,51.2
2017,6,16,9,33,8,50.3
2017,6,16,9,33,9,49.8
2017,6,16,9,33,10,50.7
2017,6,16,9,33,11,51.1
2017,6,16,9,33,12,58.8
2017,6,16,9,33,13,67.1
2017,6,16,9,33,14,52.8
2017,6,16,9,33,15,54.2
2017,6,16,9,33,16,50.6
2017,6,16,9,33,17,51.7
2017,6,16,9,33,18,50.3
2017,6,16,9,33,19,52.2
2017,6,16,9,33,20,55.6
2017,6,16,9,33,21,55.2
2017,6,16,9,33,22,56.8
2017,6,16,9,33,23,55.2
2017,6,16,9,33,24,57.1
2017,6,16,9,33,25,56.3
2017,6,16,9,33,26,55.0
2017,6,16,9,33,27,52.5
2017,6,16,9,33,28,51.1
2017,6,16,9,33,29,52.0
2017,6,16,9,33,30,56.5
2017,6,16,9,33,31,60.3
2017,6,16,9,33,32,52.7
2017,6,16,9,33,33,55.8
2017,6,16,9,33,34,61.2
2017,6,16,9,33,35,63.6
2017,6,16,9,33,36,65.3
2017,6,16,9,33,37,56.1
2017,6,16,9,33,38,58.5
2017,6,16,9,33,39,49.4
2017,6,16,9,33,40,52.2
2017,6,16,9,33,41,56.3
2017,6,16,9,33,42,56.6
2017,6,16,9,33,43,55.5
2017,6,16,9,33,44,54.4
2017,6,16,9,33,45,54.4
2017,6,16,9,33,46,51.2
2017,6,16,9,33,47,51.1
2017,6,16,9,33,48,49.9
2017,6,16,9,33,49,50.6
2017,6,16,9,33,50,50.6
2017,6,16,9,33,51,53.1
2017,6,16,9,33,52,63.7
2017,6,16,9,33,53,60.7
2017,6,16,9,33,54,68.1
2017,6,16,9,33,55,60.9
2017,6,16,9,33,56,57.7
2017,6,16,9,33,57,56.6
2017,6,16,9,33,58,54.7
2017,6,16,9,33,59,54.5
2017,6,16,9,34,0,54.5
2017,6,16,9,34,1,58.0
2017,6,16,9,34,2,59.2
2017,6,16,9,34,3,57.3
2017,6,16,9,34,4,54.4
2017,6,16,9,34,5,53.8
2017,6,16,9,34,6,51.5
2017,6,16,9,34,7,47.6
2017,6,16,9,34,8,51.4
2017,6,16,9,34,9,48.3
2017,6,16,9,34,10,51.7
2017,6,16,9,34,11,49.9
2017,6,16,9,34,12,47.1
2017,6,16,9,34,13,48.1
2017,6,16,9,34,14,48.5
2017,6,16,9,34,15,51.3
2017,6,16,9,34,16,52.0
2017,6,16,9,34,17,53.5
2017,6,16,9,34,18,53.4
2017,6,16,9,34,19,53.2
2017,6,16,9,34,20,52.9
2017,6,16,9,34,21,53.3
2017,6,16,9,34,22,54.5
2017,6,16,9,34,23,52.1
2017,6,16,9,34,24,51.5
2017,6,16,9,34,25,51.7
2017,6,16,9,34,26,51.9
2017,6,16,9,34,27,52.3
2017,6,16,9,34,28,52.9
2017,6,16,9,34,29,47.0
2017,6,16,9,34,30,47.2
2017,6,16,9,34,31,47.4
2017,6,16,9,34,32,47.1
2017,6,16,9,34,33,47.7
2017,6,16,9,34,34,49.8
2017,6,16,9,34,35,53.5
2017,6,16,9,34,36,52.9
2017,6,16,9,34,37,52.0
2017,6,16,9,34,38,51.4
2017,6,16,9,34,39,50.4
2017,6,16,9,34,40,50.6
2017,6,16,9,34,41,52.2
2017,6,16,9,34,42,53.8
2017,6,16,9,34,43,53.5
2017,6,16,9,34,44,52.8
2017,6,16,9,34,45,52.1
2017,6,16,9,34,46,51.2
2017,6,16,9,34,47,48.7
2017,6,16,9,34,48,47.5
2017,6,16,9,34,49,49.3
2017,6,16,9,34,50,53.1
2017,6,16,9,34,51,52.2
2017,6,16,9,34,52,51.1
2017,6,16,9,34,53,49.6
2017,6,16,9,34,54,49.9
2017,6,16,9,34,55,49.3
2017,6,16,9,34,56,50.9
2017,6,16,9,34,57,52.3
2017,6,16,9,34,58,52.2
2017,6,16,9,34,59,50.6
2017,6,16,9,35,0,50.1
2017,6,16,9,35,1,51.5
2017,6,16,9,35,2,53.9
2017,6,16,9,35,3,53.1
2017,6,16,9,35,4,51.3
2017,6,16,9,35,5,50.3
2017,6,16,9,35,6,49.9
2017,6,16,9,35,7,50.8
2017,6,16,9,35,8,51.4
2017,6,16,9,35,9,50.1
2017,6,16,9,35,10,48.6
2017,6,16,9,35,11,46.5
2017,6,16,9,35,12,45.9
2017,6,16,9,35,13,49.2
2017,6,16,9,35,14,50.8
2017,6,16,9,35,15,52.2
2017,6,16,9,35,16,51.8
2017,6,16,9,35,17,53.9
2017,6,16,9,35,18,54.2
2017,6,16,9,35,19,54.2
2017,6,16,9,35,20,55.0
2017,6,16,9,35,21,53.5
2017,6,16,9,35,22,51.9
2017,6,16,9,35,23,50.6
2017,6,16,9,35,24,48.6
2017,6,16,9,35,25,49.4
2017,6,16,9,35,26,47.6
2017,6,16,9,35,27,54.2
2017,6,16,9,35,28,51.7
2017,6,16,9,35,29,49.6
2017,6,16,9,35,30,51.8
2017,6,16,9,35,31,54.0
2017,6,16,9,35,32,54.2
2017,6,16,9,35,33,53.2
2017,6,16,9,35,34,52.1
2017,6,16,9,35,35,51.1
2017,6,16,9,35,36,50.2
2017,6,16,9,35,37,49.2
2017,6,16,9,35,38,49.5
2017,6,16,9,35,39,50.5
2017,6,16,9,35,40,51.3
2017,6,16,9,35,41,51.2
2017,6,16,9,35,42,50.5
2017,6,16,9,35,43,52.6
2017,6,16,9,35,44,53.1
2017,6,16,9,35,45,52.7
2017,6,16,9,35,46,51.3
2017,6,16,9,35,47,48.9
2017,6,16,9,35,48,48.6
2017,6,16,9,35,49,50.3
2017,6,16,9,35,50,53.9
2017,6,16,9,35,51,52.9
2017,6,16,9,35,52,51.2
2017,6,16,9,35,53,51.4
2017,6,16,9,35,54,51.6
2017,6,16,9,35,55,52.7
2017,6,16,9,35,56,55.5
2017,6,16,9,35,57,55.2
2017,6,16,9,35,58,55.0
2017,6,16,9,35,59,54.9
2017,6,16,9,36,0,54.8
2017,6,16,9,36,1,54.2
2017,6,16,9,36,2,52.8
2017,6,16,9,36,3,50.9
2017,6,16,9,36,4,52.4
2017,6,16,9,36,5,50.8
2017,6,16,9,36,6,47.5
2017,6,16,9,36,7,47.3
2017,6,16,9,36,8,47.5
2017,6,16,9,36,9,47.6
2017,6,16,9,36,10,49.8
2017,6,16,9,36,11,52.0
2017,6,16,9,36,12,53.5
2017,6,16,9,36,13,54.6
2017,6,16,9,36,14,54.8
2017,6,16,9,36,15,53.7
2017,6,16,9,36,16,53.6
2017,6,16,9,36,17,53.3
2017,6,16,9,36,18,54.5
2017,6,16,9,36,19,55.1
2017,6,16,9,36,20,52.9
2017,6,16,9,36,21,48.8
2017,6,16,9,36,22,46.3
2017,6,16,9,36,23,46.5
2017,6,16,9,36,24,49.9
2017,6,16,9,36,25,49.8
2017,6,16,9,36,26,49.9
2017,6,16,9,36,27,49.4
2017,6,16,9,36,28,49.6
2017,6,16,9,36,29,49.5
2017,6,16,9,36,30,50.2
2017,6,16,9,36,31,51.4
2017,6,16,9,36,32,52.8
2017,6,16,9,36,33,54.4
2017,6,16,9,36,34,53.6
2017,6,16,9,36,35,53.8
2017,6,16,9,36,36,54.1
2017,6,16,9,36,37,55.7
2017,6,16,9,36,38,51.6
2017,6,16,9,36,39,49.9
2017,6,16,9,36,40,50.2
2017,6,16,9,36,41,47.7
2017,6,16,9,36,42,46.2
2017,6,16,9,36,43,47.0
2017,6,16,9,36,44,46.2
2017,6,16,9,36,45,46.9
2017,6,16,9,36,46,49.7
2017,6,16,9,36,47,50.8
2017,6,16,9,36,48,50.0
2017,6,16,9,36,49,50.8
2017,6,16,9,36,50,51.0
2017,6,16,9,36,51,52.4
2017,6,16,9,36,52,51.8
2017,6,16,9,36,53,52.0
2017,6,16,9,36,54,51.9
2017,6,16,9,36,55,52.3
2017,6,16,9,36,56,53.8
2017,6,16,9,36,57,52.6
2017,6,16,9,36,58,52.7
2017,6,16,9,36,59,49.7
2017,6,16,9,37,0,48.9
2017,6,16,9,37,1,48.4
2017,6,16,9,37,2,46.1
2017,6,16,9,37,3,46.9
2017,6,16,9,37,4,47.7
2017,6,16,9,37,5,50.4
2017,6,16,9,37,6,51.4
2017,6,16,9,37,7,52.5
2017,6,16,9,37,8,51.8
2017,6,16,9,37,9,50.3
2017,6,16,9,37,10,48.9
2017,6,16,9,37,11,49.0
2017,6,16,9,37,12,50.9
2017,6,16,9,37,13,50.7
2017,6,16,9,37,14,54.0
2017,6,16,9,37,15,53.7
2017,6,16,9,37,16,51.8
2017,6,16,9,37,17,52.2
2017,6,16,9,37,18,50.8
2017,6,16,9,37,19,51.7
2017,6,16,9,37,20,52.3
2017,6,16,9,37,21,51.1
2017,6,16,9,37,22,49.8
2017,6,16,9,37,23,47.1
2017,6,16,9,37,24,47.5
2017,6,16,9,37,25,47.0
2017,6,16,9,37,26,46.8
2017,6,16,9,37,27,46.1
2017,6,16,9,37,28,47.3
2017,6,16,9,37,29,48.0
2017,6,16,9,37,30,50.0
2017,6,16,9,37,31,53.4
2017,6,16,9,37,32,55.4
2017,6,16,9,37,33,54.4
2017,6,16,9,37,34,54.2
2017,6,16,9,37,35,54.7
2017,6,16,9,37,36,55.3
2017,6,16,9,37,37,54.0
2017,6,16,9,37,38,53.3
2017,6,16,9,37,39,52.9
2017,6,16,9,37,40,51.8
2017,6,16,9,37,41,49.0
2017,6,16,9,37,42,47.1
2017,6,16,9,37,43,47.7
2017,6,16,9,37,44,49.3
2017,6,16,9,37,45,49.8
2017,6,16,9,37,46,48.6
2017,6,16,9,37,47,48.2
2017,6,16,9,37,48,49.1
2017,6,16,9,37,49,54.2
2017,6,16,9,37,50,56.2
2017,6,16,9,37,51,55.7
2017,6,16,9,37,52,55.0
2017,6,16,9,37,53,54.3
2017,6,16,9,37,54,53.0
2017,6,16,9,37,55,50.9
2017,6,16,9,37,56,48.8
2017,6,16,9,37,57,47.3
2017,6,16,9,37,58,48.5
2017,6,16,9,37,59,49.9
2017,6,16,9,38,0,49.8
2017,6,16,9,38,1,49.2
2017,6,16,9,38,2,49.8
2017,6,16,9,38,3,49.2
2017,6,16,9,38,4,48.3
2017,6,16,9,38,5,50.0
2017,6,16,9,38,6,50.7
2017,6,16,9,38,7,51.9
2017,6,16,9,38,8,53.6
2017,6,16,9,38,9,53.8
2017,6,16,9,38,10,54.5
2017,6,16,9,38,11,54.4
2017,6,16,9,38,12,53.7
2017,6,16,9,38,13,52.6
2017,6,16,9,38,14,51.0
2017,6,16,9,38,15,51.1
2017,6,16,9,38,16,51.5
2017,6,16,9,38,17,54.4
2017,6,16,9,38,18,54.5
2017,6,16,9,38,19,54.2
2017,6,16,9,38,20,54.6
2017,6,16,9,38,21,54.4
2017,6,16,9,38,22,54.2
2017,6,16,9,38,23,54.1
2017,6,16,9,38,24,52.6
2017,6,16,9,38,25,51.5
2017,6,16,9,38,26,50.7
2017,6,16,9,38,27,52.2
2017,6,16,9,38,28,53.5
2017,6,16,9,38,29,53.2
2017,6,16,9,38,30,54.9
2017,6,16,9,38,31,58.9
2017,6,16,9,38,32,59.3
2017,6,16,9,38,33,57.5
2017,6,16,9,38,34,55.8
2017,6,16,9,38,35,54.3
2017,6,16,9,38,36,53.5
2017,6,16,9,38,37,52.8
2017,6,16,9,38,38,49.5
2017,6,16,9,38,39,49.3
2017,6,16,9,38,40,52.5
2017,6,16,9,38,41,51.1
2017,6,16,9,38,42,50.8
2017,6,16,9,38,43,51.6
2017,6,16,9,38,44,53.6
2017,6,16,9,38,45,53.7
2017,6,16,9,38,46,53.6
2017,6,16,9,38,47,52.8
2017,6,16,9,38,48,51.7
2017,6,16,9,38,49,51.6
2017,6,16,9,38,50,53.5
2017,6,16,9,38,51,54.3
2017,6,16,9,38,52,55.5
2017,6,16,9,38,53,56.6
2017,6,16,9,38,54,50.3
2017,6,16,9,38,55,50.1
2017,6,16,9,38,56,50.9
2017,6,16,9,38,57,50.8
2017,6,16,9,38,58,50.2
2017,6,16,9,38,59,48.9
2017,6,16,9,39,0,46.6
2017,6,16,9,39,1,50.2
2017,6,16,9,39,2,51.5
2017,6,16,9,39,3,52.9
2017,6,16,9,39,4,55.2
2017,6,16,9,39,5,54.6
2017,6,16,9,39,6,54.4
2017,6,16,9,39,7,53.9
2017,6,16,9,39,8,53.8
2017,6,16,9,39,9,53.5
2017,6,16,9,39,10,52.8
2017,6,16,9,39,11,52.1
2017,6,16,9,39,12,51.9
2017,6,16,9,39,13,52.7
2017,6,16,9,39,14,51.3
2017,6,16,9,39,15,49.7
2017,6,16,9,39,16,49.2
2017,6,16,9,39,17,51.6
2017,6,16,9,39,18,51.9
2017,6,16,9,39,19,51.0
2017,6,16,9,39,20,51.3
2017,6,16,9,39,21,51.5
2017,6,16,9,39,22,53.9
2017,6,16,9,39,23,53.6
2017,6,16,9,39,24,53.1
2017,6,16,9,39,25,53.3
2017,6,16,9,39,26,53.2
2017,6,16,9,39,27,53.0
2017,6,16,9,39,28,54.9
2017,6,16,9,39,29,54.6
2017,6,16,9,39,30,53.1
2017,6,16,9,39,31,52.6
2017,6,16,9,39,32,52.0
2017,6,16,9,39,33,50.9
2017,6,16,9,39,34,51.1
2017,6,16,9,39,35,52.8
2017,6,16,9,39,36,52.8
2017,6,16,9,39,37,52.1
2017,6,16,9,39,38,50.7
2017,6,16,9,39,39,50.4
2017,6,16,9,39,40,49.9
2017,6,16,9,39,41,50.6
2017,6,16,9,39,42,52.4
2017,6,16,9,39,43,51.0
2017,6,16,9,39,44,51.0
2017,6,16,9,39,45,52.6
2017,6,16,9,39,46,53.8
2017,6,16,9,39,47,56.2
2017,6,16,9,39,48,56.5
2017,6,16,9,39,49,56.8
2017,6,16,9,39,50,55.7
2017,6,16,9,39,51,55.2
2017,6,16,9,39,52,53.9
2017,6,16,9,39,53,53.1
2017,6,16,9,39,54,51.9
2017,6,16,9,39,55,51.1
2017,6,16,9,39,56,49.6
2017,6,16,9,39,57,48.9
2017,6,16,9,39,58,49.1
2017,6,16,9,39,59,49.9
2017,6,16,9,40,0,50.8
2017,6,16,9,40,1,51.3
2017,6,16,9,40,2,51.0
2017,6,16,9,40,3,52.6
2017,6,16,9,40,4,51.7
2017,6,16,9,40,5,52.6
2017,6,16,9,40,6,53.1
2017,6,16,9,40,7,53.4
2017,6,16,9,40,8,53.0
2017,6,16,9,40,9,52.9
2017,6,16,9,40,10,54.7
2017,6,16,9,40,11,53.3
2017,6,16,9,40,12,51.6
2017,6,16,9,40,13,51.5
2017,6,16,9,40,14,49.7
2017,6,16,9,40,15,47.4
2017,6,16,9,40,16,49.3
2017,6,16,9,40,17,50.6
2017,6,16,9,40,18,51.0
2017,6,16,9,40,19,51.0
2017,6,16,9,40,20,53.2
2017,6,16,9,40,21,56.1
2017,6,16,9,40,22,54.8
2017,6,16,9,40,23,55.4
2017,6,16,9,40,24,55.0
2017,6,16,9,40,25,54.0
2017,6,16,9,40,26,53.8
2017,6,16,9,40,27,55.1
2017,6,16,9,40,28,54.4
2017,6,16,9,40,29,51.8
2017,6,16,9,40,30,50.6
2017,6,16,9,40,31,49.1
2017,6,16,9,40,32,49.1
2017,6,16,9,40,33,51.6
2017,6,16,9,40,34,51.6
2017,6,16,9,40,35,51.0
2017,6,16,9,40,36,52.2
2017,6,16,9,40,37,51.3
2017,6,16,9,40,38,54.5
2017,6,16,9,40,39,50.8
2017,6,16,9,40,40,56.4
2017,6,16,9,40,41,56.5
2017,6,16,9,40,42,55.0
2017,6,16,9,40,43,54.5
2017,6,16,9,40,44,55.3
2017,6,16,9,40,45,50.3
2017,6,16,9,40,46,50.0
2017,6,16,9,40,47,51.3
2017,6,16,9,40,48,53.2
2017,6,16,9,40,49,55.5
2017,6,16,9,40,50,56.3
2017,6,16,9,40,51,55.7
2017,6,16,9,40,52,55.1
2017,6,16,9,40,53,55.2
2017,6,16,9,40,54,52.5
2017,6,16,9,40,55,52.1
2017,6,16,9,40,56,51.9
2017,6,16,9,40,57,50.3
2017,6,16,9,40,58,49.9
2017,6,16,9,40,59,53.6
2017,6,16,9,41,0,52.9
2017,6,16,9,41,1,52.9
2017,6,16,9,41,2,51.7
2017,6,16,9,41,3,53.1
2017,6,16,9,41,4,53.7
2017,6,16,9,41,5,53.6
2017,6,16,9,41,6,55.4
2017,6,16,9,41,7,55.7
2017,6,16,9,41,8,55.8
2017,6,16,9,41,9,54.7
2017,6,16,9,41,10,53.3
2017,6,16,9,41,11,53.5
2017,6,16,9,41,12,49.1
2017,6,16,9,41,13,50.4
2017,6,16,9,41,14,50.3
2017,6,16,9,41,15,50.8
2017,6,16,9,41,16,51.9
2017,6,16,9,41,17,54.3
2017,6,16,9,41,18,55.9
2017,6,16,9,41,19,54.2
2017,6,16,9,41,20,52.6
2017,6,16,9,41,21,52.4
2017,6,16,9,41,22,54.2
2017,6,16,9,41,23,55.3
2017,6,16,9,41,24,55.6
2017,6,16,9,41,25,54.8
2017,6,16,9,41,26,54.6
2017,6,16,9,41,27,54.7
2017,6,16,9,41,28,53.0
2017,6,16,9,41,29,53.3
2017,6,16,9,41,30,49.4
2017,6,16,9,41,31,47.3
2017,6,16,9,41,32,48.5
2017,6,16,9,41,33,51.7
2017,6,16,9,41,34,51.4
2017,6,16,9,41,35,52.1
2017,6,16,9,41,36,54.0
2017,6,16,9,41,37,51.7
2017,6,16,9,41,38,53.3
2017,6,16,9,41,39,53.8
2017,6,16,9,41,40,53.3
2017,6,16,9,41,41,53.4
2017,6,16,9,41,42,52.8
2017,6,16,9,41,43,54.1
2017,6,16,9,41,44,53.9
2017,6,16,9,41,45,55.2
2017,6,16,9,41,46,55.6
2017,6,16,9,41,47,54.3
2017,6,16,9,41,48,52.3
2017,6,16,9,41,49,53.6
2017,6,16,9,41,50,55.1
2017,6,16,9,41,51,54.0
2017,6,16,9,41,52,52.8
2017,6,16,9,41,53,54.9
2017,6,16,9,41,54,54.5
2017,6,16,9,41,55,54.6
2017,6,16,9,41,56,53.0
2017,6,16,9,41,57,54.5
2017,6,16,9,41,58,53.8
2017,6,16,9,41,59,51.5
2017,6,16,9,42,0,52.8
2017,6,16,9,42,1,55.8
2017,6,16,9,42,2,56.1
2017,6,16,9,42,3,54.2
2017,6,16,9,42,4,52.9
2017,6,16,9,42,5,51.6
2017,6,16,9,42,6,53.7
2017,6,16,9,42,7,54.2
2017,6,16,9,42,8,53.3
2017,6,16,9,42,9,53.3
2017,6,16,9,42,10,51.4
2017,6,16,9,42,11,50.6
2017,6,16,9,42,12,51.1
2017,6,16,9,42,13,51.4
2017,6,16,9,42,14,51.9
2017,6,16,9,42,15,54.4
2017,6,16,9,42,16,58.3
2017,6,16,9,42,17,53.2
2017,6,16,9,42,18,53.5
2017,6,16,9,42,19,53.7
2017,6,16,9,42,20,53.0
2017,6,16,9,42,21,51.7
2017,6,16,9,42,22,54.5
2017,6,16,9,42,23,55.5
2017,6,16,9,42,24,52.8
2017,6,16,9,42,25,53.1
2017,6,16,9,42,26,52.2
2017,6,16,9,42,27,54.9
2017,6,16,9,42,28,51.7
2017,6,16,9,42,29,50.8
2017,6,16,9,42,30,51.5
2017,6,16,9,42,31,51.3
2017,6,16,9,42,32,50.7
2017,6,16,9,42,33,50.2
2017,6,16,9,42,34,49.2
2017,6,16,9,42,35,51.0
2017,6,16,9,42,36,53.1
2017,6,16,9,42,37,53.2
2017,6,16,9,42,38,55.5
2017,6,16,9,42,39,54.9
2017,6,16,9,42,40,53.8
2017,6,16,9,42,41,54.1
2017,6,16,9,42,42,57.4
2017,6,16,9,42,43,58.9
2017,6,16,9,42,44,57.1
2017,6,16,9,42,45,56.5
2017,6,16,9,42,46,55.8
2017,6,16,9,42,47,54.8
2017,6,16,9,42,48,55.5
2017,6,16,9,42,49,54.8
2017,6,16,9,42,50,55.0
2017,6,16,9,42,51,53.8
2017,6,16,9,42,52,52.8
2017,6,16,9,42,53,53.2
2017,6,16,9,42,54,52.7
2017,6,16,9,42,55,53.0
2017,6,16,9,42,56,51.9
2017,6,16,9,42,57,51.3
2017,6,16,9,42,58,53.8
2017,6,16,9,42,59,52.0
2017,6,16,9,43,0,54.5
2017,6,16,9,43,1,54.3
2017,6,16,9,43,2,54.2
2017,6,16,9,43,3,55.3
2017,6,16,9,43,4,51.6
2017,6,16,9,43,5,49.1
2017,6,16,9,43,6,48.6
2017,6,16,9,43,7,46.7
2017,6,16,9,43,8,47.8
2017,6,16,9,43,9,51.7
2017,6,16,9,43,10,53.2
2017,6,16,9,43,11,53.3
2017,6,16,9,43,12,52.8
2017,6,16,9,43,13,53.2
2017,6,16,9,43,14,53.6
2017,6,16,9,43,15,54.2
2017,6,16,9,43,16,54.6
2017,6,16,9,43,17,53.2
2017,6,16,9,43,18,51.9
2017,6,16,9,43,19,52.5
2017,6,16,9,43,20,52.7
2017,6,16,9,43,21,54.6
2017,6,16,9,43,22,51.9
2017,6,16,9,43,23,49.6
2017,6,16,9,43,24,50.7
2017,6,16,9,43,25,51.1
2017,6,16,9,43,26,51.1
2017,6,16,9,43,27,51.9
2017,6,16,9,43,28,51.7
2017,6,16,9,43,29,51.1
2017,6,16,9,43,30,51.2
2017,6,16,9,43,31,52.5
2017,6,16,9,43,32,53.5
2017,6,16,9,43,33,53.1
2017,6,16,9,43,34,52.4
2017,6,16,9,43,35,52.4
2017,6,16,9,43,36,51.5
2017,6,16,9,43,37,51.2
2017,6,16,9,43,38,50.5
2017,6,16,9,43,39,48.4
2017,6,16,9,43,40,47.0
2017,6,16,9,43,41,48.7
2017,6,16,9,43,42,48.7
2017,6,16,9,43,43,48.8
2017,6,16,9,43,44,49.7
2017,6,16,9,43,45,50.7
2017,6,16,9,43,46,51.2
2017,6,16,9,43,47,52.3
2017,6,16,9,43,48,52.9
2017,6,16,9,43,49,53.5
2017,6,16,9,43,50,53.5
2017,6,16,9,43,51,53.1
2017,6,16,9,43,52,54.2
2017,6,16,9,43,53,53.6
2017,6,16,9,43,54,54.0
2017,6,16,9,43,55,53.9
2017,6,16,9,43,56,51.6
2017,6,16,9,43,57,50.0
2017,6,16,9,43,58,50.5
2017,6,16,9,43,59,51.1
2017,6,16,9,44,0,52.5
2017,6,16,9,44,1,51.4
2017,6,16,9,44,2,50.5
2017,6,16,9,44,3,51.1
2017,6,16,9,44,4,54.0
2017,6,16,9,44,5,53.6
2017,6,16,9,44,6,53.7
2017,6,16,9,44,7,53.9
2017,6,16,9,44,8,53.5
2017,6,16,9,44,9,52.8
2017,6,16,9,44,10,54.2
2017,6,16,9,44,11,51.8
2017,6,16,9,44,12,51.7
2017,6,16,9,44,13,51.1
2017,6,16,9,44,14,52.3
2017,6,16,9,44,15,53.2
2017,6,16,9,44,16,52.2
2017,6,16,9,44,17,51.3
2017,6,16,9,44,18,50.2
2017,6,16,9,44,19,49.5
2017,6,16,9,44,20,51.0
2017,6,16,9,44,21,51.6
2017,6,16,9,44,22,49.7
2017,6,16,9,44,23,49.2
2017,6,16,9,44,24,50.3
2017,6,16,9,44,25,52.4
2017,6,16,9,44,26,52.5
2017,6,16,9,44,27,54.8
2017,6,16,9,44,28,58.7
2017,6,16,9,44,29,52.2
2017,6,16,9,44,30,51.2
2017,6,16,9,44,31,52.0
2017,6,16,9,44,32,51.6
2017,6,16,9,44,33,52.1
2017,6,16,9,44,34,53.7
2017,6,16,9,44,35,50.0
2017,6,16,9,44,36,49.0
2017,6,16,9,44,37,53.5
2017,6,16,9,44,38,47.6
2017,6,16,9,44,39,47.0
2017,6,16,9,44,40,51.8
2017,6,16,9,44,41,46.6
2017,6,16,9,44,42,53.7
2017,6,16,9,44,43,50.3
2017,6,16,9,44,44,53.3
2017,6,16,9,44,45,54.7
2017,6,16,9,44,46,55.7
2017,6,16,9,44,47,55.1
2017,6,16,9,44,48,55.0
2017,6,16,9,44,49,54.7
2017,6,16,9,44,50,53.9
2017,6,16,9,44,51,53.2
2017,6,16,9,44,52,53.4
2017,6,16,9,44,53,49.6
2017,6,16,9,44,54,50.5
2017,6,16,9,44,55,51.5
2017,6,16,9,44,56,51.3
2017,6,16,9,44,57,49.6
2017,6,16,9,44,58,50.2
2017,6,16,9,44,59,49.3
2017,6,16,9,45,0,54.4
2017,6,16,9,45,1,55.2
2017,6,16,9,45,2,54.8
2017,6,16,9,45,3,54.5
2017,6,16,9,45,4,52.2
2017,6,16,9,45,5,53.9
2017,6,16,9,45,6,55.9
2017,6,16,9,45,7,55.2
2017,6,16,9,45,8,54.6
2017,6,16,9,45,9,54.6
2017,6,16,9,45,10,54.2
2017,6,16,9,45,11,47.0
2017,6,16,9,45,12,48.4
2017,6,16,9,45,13,53.1
2017,6,16,9,45,14,53.7
2017,6,16,9,45,15,45.5
2017,6,16,9,45,16,52.5
2017,6,16,9,45,17,52.1
2017,6,16,9,45,18,48.7
2017,6,16,9,45,19,49.7
2017,6,16,9,45,20,50.8
2017,6,16,9,45,21,52.4
2017,6,16,9,45,22,53.2
2017,6,16,9,45,23,55.9
2017,6,16,9,45,24,56.0
2017,6,16,9,45,25,51.9
2017,6,16,9,45,26,49.7
2017,6,16,9,45,27,48.8
2017,6,16,9,45,28,48.4
2017,6,16,9,45,29,51.9
2017,6,16,9,45,30,51.6
2017,6,16,9,45,31,52.9
2017,6,16,9,45,32,53.0
2017,6,16,9,45,33,50.6
2017,6,16,9,45,34,49.1
2017,6,16,9,45,35,49.4
2017,6,16,9,45,36,51.6
2017,6,16,9,45,37,50.7
2017,6,16,9,45,38,51.3
2017,6,16,9,45,39,50.7
2017,6,16,9,45,40,51.9
2017,6,16,9,45,41,52.1
2017,6,16,9,45,42,54.0
2017,6,16,9,45,43,54.4
2017,6,16,9,45,44,54.1
2017,6,16,9,45,45,60.2
2017,6,16,9,45,46,57.0
2017,6,16,9,45,47,53.6
2017,6,16,9,45,48,52.5
2017,6,16,9,45,49,51.0
2017,6,16,9,45,50,49.5
2017,6,16,9,45,51,47.8
2017,6,16,9,45,52,48.4
2017,6,16,9,45,53,48.5
2017,6,16,9,45,54,46.9
2017,6,16,9,45,55,46.6
2017,6,16,9,45,56,47.9
2017,6,16,9,45,57,49.3
2017,6,16,9,45,58,52.0
2017,6,16,9,45,59,53.3
2017,6,16,9,46,0,54.4
2017,6,16,9,46,1,54.5
2017,6,16,9,46,2,56.5
2017,6,16,9,46,3,57.0
2017,6,16,9,46,4,55.4
2017,6,16,9,46,5,54.5
2017,6,16,9,46,6,55.0
2017,6,16,9,46,7,54.2
2017,6,16,9,46,8,53.6
2017,6,16,9,46,9,52.1
2017,6,16,9,46,10,52.3
2017,6,16,9,46,11,53.8
2017,6,16,9,46,12,52.2
2017,6,16,9,46,13,50.5
2017,6,16,9,46,14,49.1
2017,6,16,9,46,15,50.4
2017,6,16,9,46,16,52.0
2017,6,16,9,46,17,52.8
2017,6,16,9,46,18,53.0
2017,6,16,9,46,19,54.9
2017,6,16,9,46,20,54.5
2017,6,16,9,46,21,54.1
2017,6,16,9,46,22,54.8
2017,6,16,9,46,23,56.0
2017,6,16,9,46,24,57.3
2017,6,16,9,46,25,55.3
2017,6,16,9,46,26,52.3
2017,6,16,9,46,27,48.2
2017,6,16,9,46,28,47.1
2017,6,16,9,46,29,46.7
2017,6,16,9,46,30,52.1
2017,6,16,9,46,31,53.1
2017,6,16,9,46,32,53.3
2017,6,16,9,46,33,51.7
2017,6,16,9,46,34,51.0
2017,6,16,9,46,35,51.4
2017,6,16,9,46,36,54.2
2017,6,16,9,46,37,53.1
2017,6,16,9,46,38,53.6
2017,6,16,9,46,39,55.1
2017,6,16,9,46,40,55.7
2017,6,16,9,46,41,55.6
2017,6,16,9,46,42,55.7
2017,6,16,9,46,43,59.4
2017,6,16,9,46,44,50.7
2017,6,16,9,46,45,51.2
2017,6,16,9,46,46,56.3
2017,6,16,9,46,47,54.8
2017,6,16,9,46,48,52.4
2017,6,16,9,46,49,52.1
2017,6,16,9,46,50,54.8
2017,6,16,9,46,51,53.0
2017,6,16,9,46,52,56.0
2017,6,16,9,46,53,52.4
2017,6,16,9,46,54,51.0
2017,6,16,9,46,55,51.0
2017,6,16,9,46,56,51.6
2017,6,16,9,46,57,54.0
2017,6,16,9,46,58,53.9
2017,6,16,9,46,59,54.3
2017,6,16,9,47,0,56.9
2017,6,16,9,47,1,56.2
2017,6,16,9,47,2,55.3
2017,6,16,9,47,3,54.5
2017,6,16,9,47,4,54.7
2017,6,16,9,47,5,52.5
2017,6,16,9,47,6,53.1
2017,6,16,9,47,7,51.6
2017,6,16,9,47,8,48.5
2017,6,16,9,47,9,53.7
2017,6,16,9,47,10,52.9
2017,6,16,9,47,11,54.8
2017,6,16,9,47,12,54.2
2017,6,16,9,47,13,58.6
2017,6,16,9,47,14,54.3
2017,6,16,9,47,15,55.3
2017,6,16,9,47,16,57.0
2017,6,16,9,47,17,59.6
2017,6,16,9,47,18,57.2
2017,6,16,9,47,19,55.4
2017,6,16,9,47,20,54.5
2017,6,16,9,47,21,54.0
2017,6,16,9,47,22,50.1
2017,6,16,9,47,23,49.8
2017,6,16,9,47,24,48.7
2017,6,16,9,47,25,49.2
2017,6,16,9,47,26,49.1
2017,6,16,9,47,27,50.8
2017,6,16,9,47,28,53.1
2017,6,16,9,47,29,52.9
2017,6,16,9,47,30,52.3
2017,6,16,9,47,31,54.5
2017,6,16,9,47,32,55.1
2017,6,16,9,47,33,54.7
2017,6,16,9,47,34,55.4
2017,6,16,9,47,35,54.8
2017,6,16,9,47,36,53.5
2017,6,16,9,47,37,52.1
2017,6,16,9,47,38,52.8
2017,6,16,9,47,39,52.4
2017,6,16,9,47,40,51.5
2017,6,16,9,47,41,52.9
2017,6,16,9,47,42,55.3
2017,6,16,9,47,43,54.8
2017,6,16,9,47,44,59.7
2017,6,16,9,47,45,53.1
2017,6,16,9,47,46,53.0
2017,6,16,9,47,47,56.0
2017,6,16,9,47,48,57.2
2017,6,16,9,47,49,53.6
2017,6,16,9,47,50,51.9
2017,6,16,9,47,51,52.3
2017,6,16,9,47,52,53.5
2017,6,16,9,47,53,56.1
2017,6,16,9,47,54,54.5
2017,6,16,9,47,55,55.0
2017,6,16,9,47,56,54.2
2017,6,16,9,47,57,55.2
2017,6,16,9,47,58,55.5
2017,6,16,9,47,59,55.2
2017,6,16,9,48,0,52.9
2017,6,16,9,48,1,52.8
2017,6,16,9,48,2,52.6
2017,6,16,9,48,3,53.1
2017,6,16,9,48,4,52.9
2017,6,16,9,48,5,52.9
2017,6,16,9,48,6,52.0
2017,6,16,9,48,7,49.3
2017,6,16,9,48,8,48.6
2017,6,16,9,48,9,49.3
2017,6,16,9,48,10,48.1
2017,6,16,9,48,11,49.9
2017,6,16,9,48,12,52.6
2017,6,16,9,48,13,53.5
2017,6,16,9,48,14,56.3
2017,6,16,9,48,15,56.8
2017,6,16,9,48,16,56.6
2017,6,16,9,48,17,58.8
2017,6,16,9,48,18,58.9
2017,6,16,9,48,19,57.1
2017,6,16,9,48,20,54.5
2017,6,16,9,48,21,52.4
2017,6,16,9,48,22,53.2
2017,6,16,9,48,23,52.2
2017,6,16,9,48,24,52.2
2017,6,16,9,48,25,50.6
2017,6,16,9,48,26,52.5
2017,6,16,9,48,27,47.6
2017,6,16,9,48,28,51.8
2017,6,16,9,48,29,52.9
2017,6,16,9,48,30,53.6
2017,6,16,9,48,31,59.4
2017,6,16,9,48,32,56.9
2017,6,16,9,48,33,57.0
2017,6,16,9,48,34,55.4
2017,6,16,9,48,35,54.7
2017,6,16,9,48,36,53.9
2017,6,16,9,48,37,51.9
2017,6,16,9,48,38,52.0
2017,6,16,9,48,39,52.4
2017,6,16,9,48,40,52.3
2017,6,16,9,48,41,51.7
2017,6,16,9,48,42,47.2
2017,6,16,9,48,43,46.8
2017,6,16,9,48,44,46.9
2017,6,16,9,48,45,49.3
2017,6,16,9,48,46,52.0
2017,6,16,9,48,47,53.3
2017,6,16,9,48,48,52.6
2017,6,16,9,48,49,55.5
2017,6,16,9,48,50,54.9
2017,6,16,9,48,51,55.4
2017,6,16,9,48,52,54.9
2017,6,16,9,48,53,52.5
2017,6,16,9,48,54,51.0
2017,6,16,9,48,55,52.7
2017,6,16,9,48,56,55.2
2017,6,16,9,48,57,55.4
2017,6,16,9,48,58,53.8
2017,6,16,9,48,59,53.1
2017,6,16,9,49,0,55.1
2017,6,16,9,49,1,52.7
2017,6,16,9,49,2,53.3
2017,6,16,9,49,3,51.7
2017,6,16,9,49,4,52.5
2017,6,16,9,49,5,59.4
2017,6,16,9,49,6,53.8
2017,6,16,9,49,7,54.2
2017,6,16,9,49,8,54.3
2017,6,16,9,49,9,57.0
2017,6,16,9,49,10,56.7
2017,6,16,9,49,11,55.3
2017,6,16,9,49,12,54.2
2017,6,16,9,49,13,53.1
2017,6,16,9,49,14,52.9
2017,6,16,9,49,15,69.0
2017,6,16,9,49,16,64.1
2017,6,16,9,49,17,60.4
2017,6,16,9,49,18,60.8
2017,6,16,9,49,19,60.1
2017,6,16,9,49,20,58.6
2017,6,16,9,49,21,60.4
2017,6,16,9,49,22,62.0
2017,6,16,9,49,23,67.8
2017,6,16,9,49,24,60.9
2017,6,16,9,49,25,63.5
2017,6,16,9,49,26,63.2
2017,6,16,9,49,27,59.2
2017,6,16,9,49,28,58.3
2017,6,16,9,49,29,65.6
2017,6,16,9,49,30,65.4
2017,6,16,9,49,31,64.7
2017,6,16,9,49,32,62.9
2017,6,16,9,49,33,64.7
2017,6,16,9,49,34,60.3
2017,6,16,9,49,35,60.0
2017,6,16,9,49,36,64.1
2017,6,16,9,49,37,66.7
2017,6,16,9,49,38,59.7
2017,6,16,9,49,39,63.2
2017,6,16,9,49,40,65.1
2017,6,16,9,49,41,66.9
2017,6,16,9,49,42,65.9
2017,6,16,9,49,43,65.8
2017,6,16,9,49,44,68.4
2017,6,16,9,49,45,64.2
2017,6,16,9,49,46,62.9
2017,6,16,9,49,47,63.9
2017,6,16,9,49,48,65.3
2017,6,16,9,49,49,64.2
2017,6,16,9,49,50,62.4
2017,6,16,9,49,51,68.1
2017,6,16,9,49,52,65.2
2017,6,16,9,49,53,65.4
2017,6,16,9,49,54,60.8
2017,6,16,9,49,55,62.0
2017,6,16,9,49,56,60.8
2017,6,16,9,49,57,64.2
2017,6,16,9,49,58,67.7
2017,6,16,9,49,59,65.6
2017,6,16,9,50,0,64.7
2017,6,16,9,50,1,63.9
2017,6,16,9,50,2,63.0
2017,6,16,9,50,3,63.1
2017,6,16,9,50,4,64.6
2017,6,16,9,50,5,69.4
2017,6,16,9,50,6,61.9
2017,6,16,9,50,7,64.9
2017,6,16,9,50,8,63.7
2017,6,16,9,50,9,67.8
2017,6,16,9,50,10,64.1
2017,6,16,9,50,11,63.3
2017,6,16,9,50,12,68.3
2017,6,16,9,50,13,66.8
2017,6,16,9,50,14,62.6
2017,6,16,9,50,15,64.8
2017,6,16,9,50,16,66.4
2017,6,16,9,50,17,64.8
2017,6,16,9,50,18,65.6
2017,6,16,9,50,19,69.0
2017,6,16,9,50,20,66.9
2017,6,16,9,50,21,64.7
2017,6,16,9,50,22,62.0
2017,6,16,9,50,23,63.8
2017,6,16,9,50,24,65.4
2017,6,16,9,50,25,63.9
2017,6,16,9,50,26,69.7
2017,6,16,9,50,27,62.2
2017,6,16,9,50,28,63.5
2017,6,16,9,50,29,65.0
2017,6,16,9,50,30,62.1
2017,6,16,9,50,31,65.1
2017,6,16,9,50,32,63.0
2017,6,16,9,50,33,68.2
2017,6,16,9,50,34,64.5
2017,6,16,9,50,35,65.9
2017,6,16,9,50,36,67.2
2017,6,16,9,50,37,65.8
2017,6,16,9,50,38,65.4
2017,6,16,9,50,39,67.0
2017,6,16,9,50,40,72.3
2017,6,16,9,50,41,66.6
2017,6,16,9,50,42,63.3
2017,6,16,9,50,43,65.5
2017,6,16,9,50,44,65.9
2017,6,16,9,50,45,68.9
2017,6,16,9,50,46,66.7
2017,6,16,9,50,47,68.4
2017,6,16,9,50,48,66.6
2017,6,16,9,50,49,63.0
2017,6,16,9,50,50,65.1
2017,6,16,9,50,51,67.2
2017,6,16,9,50,52,61.0
2017,6,16,9,50,53,67.8
2017,6,16,9,50,54,70.6
2017,6,16,9,50,55,66.5
2017,6,16,9,50,56,68.2
2017,6,16,9,50,57,68.6
2017,6,16,9,50,58,68.6
2017,6,16,9,50,59,68.6
2017,6,16,9,51,0,67.0
2017,6,16,9,51,1,68.6
2017,6,16,9,51,2,70.3
2017,6,16,9,51,3,67.5
2017,6,16,9,51,4,66.7
2017,6,16,9,51,5,69.3
2017,6,16,9,51,6,65.7
2017,6,16,9,51,7,67.9
2017,6,16,9,51,8,68.2
2017,6,16,9,51,9,66.9
2017,6,16,9,51,10,67.5
2017,6,16,9,51,11,66.3
2017,6,16,9,51,12,64.5
2017,6,16,9,51,13,67.7
2017,6,16,9,51,14,64.4
2017,6,16,9,51,15,69.0
2017,6,16,9,51,16,70.0
2017,6,16,9,51,17,69.3
2017,6,16,9,51,18,65.7
2017,6,16,9,51,19,67.9
2017,6,16,9,51,20,70.4
2017,6,16,9,51,21,68.8
2017,6,16,9,51,22,69.4
2017,6,16,9,51,23,70.9
2017,6,16,9,51,24,69.9
2017,6,16,9,51,25,68.6
2017,6,16,9,51,26,68.8
2017,6,16,9,51,27,69.4
2017,6,16,9,51,28,68.9
2017,6,16,9,51,29,71.2
2017,6,16,9,51,30,63.4
2017,6,16,9,51,31,68.3
2017,6,16,9,51,32,70.2
2017,6,16,9,51,33,70.4
2017,6,16,9,51,34,67.9
2017,6,16,9,51,35,71.4
2017,6,16,9,51,36,66.4
2017,6,16,9,51,37,70.3
2017,6,16,9,51,38,71.7
2017,6,16,9,51,39,70.9
2017,6,16,9,51,40,70.1
2017,6,16,9,51,41,71.8
2017,6,16,9,51,42,69.3
2017,6,16,9,51,43,71.2
2017,6,16,9,51,44,69.5
2017,6,16,9,51,45,66.4
2017,6,16,9,51,46,68.7
2017,6,16,9,51,47,68.7
2017,6,16,9,51,48,61.2
2017,6,16,9,51,49,68.8
2017,6,16,9,51,50,70.4
2017,6,16,9,51,51,71.2
2017,6,16,9,51,52,69.9
2017,6,16,9,51,53,70.3
2017,6,16,9,51,54,71.9
2017,6,16,9,51,55,65.4
2017,6,16,9,51,56,67.3
2017,6,16,9,51,57,72.2
2017,6,16,9,51,58,69.7
2017,6,16,9,51,59,69.9
2017,6,16,9,52,0,70.2
2017,6,16,9,52,1,72.2
2017,6,16,9,52,2,72.6
2017,6,16,9,52,3,72.0
2017,6,16,9,52,4,-11.9
2017,6,16,9,52,5,73.9
2017,6,16,9,52,6,70.1
2017,6,16,9,52,7,65.0
2017,6,16,9,52,8,65.7
2017,6,16,9,52,9,68.4
2017,6,16,9,52,10,73.6
2017,6,16,9,52,11,75.5
2017,6,16,9,52,12,65.0
2017,6,16,9,52,13,69.7
2017,6,16,9,52,14,69.6
2017,6,16,9,52,15,66.8
2017,6,16,9,52,16,69.6
2017,6,16,9,52,17,72.4
2017,6,16,9,52,18,67.3
2017,6,16,9,52,19,61.2
2017,6,16,9,52,20,75.4
2017,6,16,9,52,21,70.2
2017,6,16,9,52,22,75.0
2017,6,16,9,52,23,75.3
2017,6,16,9,52,24,75.9
2017,6,16,9,52,25,76.1
2017,6,16,9,52,26,73.2
2017,6,16,9,52,27,65.7
2017,6,16,9,52,28,71.1
2017,6,16,9,52,29,74.2
2017,6,16,9,52,30,75.8
2017,6,16,9,52,31,77.1
2017,6,16,9,52,32,70.7
2017,6,16,9,52,33,81.0
2017,6,16,9,52,34,59.4
2017,6,16,9,52,35,68.4
2017,6,16,9,52,36,73.0
2017,6,16,9,52,37,71.6
2017,6,16,9,52,38,88.0
2017,6,16,9,52,39,68.4
2017,6,16,9,52,40,74.1
2017,6,16,9,52,41,71.9
2017,6,16,9,52,42,75.4
2017,6,16,9,52,43,77.9
2017,6,16,9,52,44,78.2
2017,6,16,9,52,45,66.0
2017,6,16,9,52,46,70.1
2017,6,16,9,52,47,71.6
2017,6,16,9,52,48,69.6
2017,6,16,9,52,49,77.5
2017,6,16,9,52,50,73.4
2017,6,16,9,52,51,76.8
2017,6,16,9,52,52,77.2
2017,6,16,9,52,53,-177.0
2017,6,16,9,52,54,124.8
2017,6,16,9,52,55,70.5
2017,6,16,9,52,56,71.0
2017,6,16,9,52,57,76.4
2017,6,16,9,52,58,79.2
2017,6,16,9,52,59,72.5
2017,6,16,9,53,0,77.0
2017,6,16,9,53,1,73.4
2017,6,16,9,53,2,71.4
2017,6,16,9,53,3,86.7
2017,6,16,9,53,4,74.5
2017,6,16,9,53,5,71.2
2017,6,16,9,53,6,73.7
2017,6,16,9,53,7,71.8
2017,6,16,9,53,8,78.3
2017,6,16,9,53,9,73.8
2017,6,16,9,53,10,79.1
2017,6,16,9,53,11,75.1
2017,6,16,9,53,12,77.3
2017,6,16,9,53,13,80.0
2017,6,16,9,53,14,79.5
2017,6,16,9,53,15,124.8
2017,6,16,9,53,16,75.8
2017,6,16,9,53,17,75.2
2017,6,16,9,53,18,76.0
2017,6,16,9,53,19,124.8
2017,6,16,9,53,20,124.8
2017,6,16,9,53,21,87.4
2017,6,16,9,53,22,75.8
2017,6,16,9,53,23,68.1
2017,6,16,9,53,24,68.7
2017,6,16,9,53,25,73.0
2017,6,16,9,53,26,79.7
2017,6,16,9,53,27,77.0
2017,6,16,9,53,28,124.8
2017,6,16,9,53,29,69.5
2017,6,16,9,53,30,76.2
2017,6,16,9,53,31,124.8
2017,6,16,9,53,32,56.7
2017,6,16,9,53,33,71.1
2017,6,16,9,53,34,70.2
2017,6,16,9,53,35,124.8
2017,6,16,9,53,36,65.7
2017,6,16,9,53,37,72.4
2017,6,16,9,53,38,124.8
2017,6,16,9,53,39,124.8
2017,6,16,9,53,40,73.7
2017,6,16,9,53,41,124.8
2017,6,16,9,53,42,72.9
2017,6,16,9,53,43,75.8
2017,6,16,9,53,44,75.2
2017,6,16,9,53,45,124.8
2017,6,16,9,53,46,55.1
2017,6,16,9,53,47,70.5
2017,6,16,9,53,48,79.1
2017,6,16,9,53,49,80.9
2017,6,16,9,53,50,78.7
2017,6,16,9,53,51,124.8
2017,6,16,9,53,52,54.3
2017,6,16,9,53,53,70.3
2017,6,16,9,53,54,77.2
2017,6,16,9,53,55,80.2
2017,6,16,9,53,56,80.9
2017,6,16,9,53,57,77.8
2017,6,16,9,53,58,124.8
2017,6,16,9,53,59,64.9
2017,6,16,9,54,0,75.0
2017,6,16,9,54,1,71.4
2017,6,16,9,54,2,124.8
2017,6,16,9,54,3,124.8
2017,6,16,9,54,4,57.7
2017,6,16,9,54,5,73.4
2017,6,16,9,54,6,-120.0
2017,6,16,9,54,7,124.8
2017,6,16,9,54,8,124.8
2017,6,16,9,54,9,124.8
2017,6,16,9,54,10,124.8
2017,6,16,9,54,11,124.8
2017,6,16,9,54,12,124.8
2017,6,16,9,54,13,124.8
2017,6,16,9,54,14,124.8
2017,6,16,9,54,15,124.8
2017,6,16,9,54,16,124.8
2017,6,16,9,54,17,124.8
2017,6,16,9,54,18,124.8
2017,6,16,9,54,19,124.8
2017,6,16,9,54,20,124.8
2017,6,16,9,54,21,124.8
2017,6,16,9,54,22,124.8
2017,6,16,9,54,23,124.8
2017,6,16,9,54,24,124.8
2017,6,16,9,54,25,124.8
2017,6,16,9,54,26,124.8
2017,6,16,9,54,27,124.8
2017,6,16,9,54,28,124.8
2017,6,16,9,54,29,124.8
2017,6,16,9,54,30,124.8
2017,6,16,9,54,31,124.8
2017,6,16,9,54,32,124.8
2017,6,16,9,54,33,124.8
2017,6,16,9,54,34,124.8
2017,6,16,9,54,35,124.8
2017,6,16,9,54,36,124.8
2017,6,16,9,54,37,124.8
2017,6,16,9,54,38,124.8
2017,6,16,9,54,39,124.8
2017,6,16,9,54,40,124.8
2017,6,16,9,54,41,124.8
2017,6,16,9,54,42,124.8
2017,6,16,9,54,43,124.8
2017,6,16,9,54,44,124.8
2017,6,16,9,54,45,124.8
2017,6,16,9,54,46,124.8
2017,6,16,9,54,47,124.8
2017,6,16,9,54,48,124.8
2017,6,16,9,54,49,124.8
2017,6,16,9,54,50,124.8
2017,6,16,9,54,51,124.8
2017,6,16,9,54,52,124.8
2017,6,16,9,54,53,124.8
2017,6,16,9,54,54,124.8
2017,6,16,9,54,55,124.8
2017,6,16,9,54,56,124.8
2017,6,16,9,54,57,124.8
2017,6,16,9,54,58,124.8
2017,6,16,9,54,59,124.8
2017,6,16,9,55,0,124.8
2017,6,16,9,55,1,124.8
2017,6,16,9,55,2,124.8
2017,6,16,9,55,3,124.8
2017,6,16,9,55,4,124.8
2017,6,16,9,55,5,124.8
2017,6,16,9,55,6,124.8
2017,6,16,9,55,7,124.8
2017,6,16,9,55,8,124.8
2017,6,16,9,55,9,124.8
2017,6,16,9,55,10,124.8
2017,6,16,9,55,11,124.8
2017,6,16,9,55,12,124.8
2017,6,16,9,55,13,124.8
2017,6,16,9,55,14,124.8
2017,6,16,9,55,15,124.8
2017,6,16,9,55,16,124.8
2017,6,16,9,55,17,124.8
2017,6,16,9,55,18,124.8
2017,6,16,9,55,19,124.8
2017,6,16,9,55,20,124.8
2017,6,16,9,55,21,124.8
2017,6,16,9,55,22,124.8
2017,6,16,9,55,23,124.8
2017,6,16,9,55,24,124.8
2017,6,16,9,55,25,124.8
2017,6,16,9,55,26,124.8
2017,6,16,9,55,27,124.8
2017,6,16,9,55,28,124.8
2017,6,16,9,55,29,124.8
2017,6,16,9,55,30,124.8
2017,6,16,9,55,31,124.8
2017,6,16,9,55,32,124.8
2017,6,16,9,55,33,124.8
2017,6,16,9,55,34,124.8
2017,6,16,9,55,35,124.8
2017,6,16,9,55,36,124.8
2017,6,16,9,55,37,124.8
2017,6,16,9,55,38,124.8
2017,6,16,9,55,39,124.8
2017,6,16,9,55,40,124.8
2017,6,16,9,55,41,124.8
2017,6,16,9,55,42,124.8
2017,6,16,9,55,43,124.8
2017,6,16,9,55,44,124.8
2017,6,16,9,55,45,124.8
2017,6,16,9,55,46,124.8
2017,6,16,9,55,47,124.8
2017,6,16,9,55,48,124.8
2017,6,16,9,55,49,124.8
2017,6,16,9,55,50,124.8
2017,6,16,9,55,51,124.8
2017,6,16,9,55,52,124.8
2017,6,16,9,55,53,124.8
2017,6,16,9,55,54,124.8
2017,6,16,9,55,55,124.8
2017,6,16,9,55,56,124.8
2017,6,16,9,55,57,124.8
2017,6,16,9,55,58,124.8
2017,6,16,9,55,59,124.8
2017,6,16,9,56,0,124.8
2017,6,16,9,56,1,124.8
2017,6,16,9,56,2,124.8
2017,6,16,9,56,3,124.8
2017,6,16,9,56,4,124.8
2017,6,16,9,56,5,124.8
2017,6,16,9,56,6,124.8
2017,6,16,9,56,7,124.8
2017,6,16,9,56,8,124.8
2017,6,16,9,56,9,124.8
2017,6,16,9,56,10,124.8
2017,6,16,9,56,11,124.8
2017,6,16,9,56,12,124.8
2017,6,16,9,56,13,124.8
2017,6,16,9,56,14,124.8
2017,6,16,9,56,15,124.8
2017,6,16,9,56,16,124.8
2017,6,16,9,56,17,124.8
2017,6,16,9,56,18,124.8
2017,6,16,9,56,19,124.8
2017,6,16,9,56,20,124.8
2017,6,16,9,56,21,124.8
2017,6,16,9,56,22,124.8
2017,6,16,9,56,23,124.8
2017,6,16,9,56,24,124.8
2017,6,16,9,56,25,124.8
2017,6,16,9,56,26,124.8
2017,6,16,9,56,27,124.8
2017,6,16,9,56,28,124.8
2017,6,16,9,56,29,124.8
2017,6,16,9,56,30,124.8
2017,6,16,9,56,31,124.8
2017,6,16,9,56,32,124.8
2017,6,16,9,56,33,124.8
2017,6,16,9,56,34,124.8
2017,6,16,9,56,35,124.8
2017,6,16,9,56,36,124.8
2017,6,16,9,56,37,124.8
2017,6,16,9,56,38,124.8
2017,6,16,9,56,39,124.8
2017,6,16,9,56,40,124.8
2017,6,16,9,56,41,124.8
2017,6,16,9,56,42,124.8
2017,6,16,9,56,43,124.8
2017,6,16,9,56,44,124.8
2017,6,16,9,56,45,124.8
2017,6,16,9,56,46,124.8
2017,6,16,9,56,47,124.8
2017,6,16,9,56,48,124.8
2017,6,16,9,56,49,124.8
2017,6,16,9,56,50,124.8
2017,6,16,9,56,51,124.8
2017,6,16,9,56,52,124.8
2017,6,16,9,56,53,124.8
2017,6,16,9,56,54,124.8
2017,6,16,9,56,55,124.8
2017,6,16,9,56,56,124.8
2017,6,16,9,56,57,124.8
2017,6,16,9,56,58,124.8
2017,6,16,9,56,59,124.8
2017,6,16,9,57,0,124.8
2017,6,16,9,57,1,124.8
2017,6,16,9,57,2,124.8
2017,6,16,9,57,3,124.8
2017,6,16,9,57,4,124.8
2017,6,16,9,57,5,124.8
2017,6,16,9,57,6,124.8
2017,6,16,9,57,7,124.8
2017,6,16,9,57,8,124.8
2017,6,16,9,57,9,124.8
2017,6,16,9,57,10,124.8
2017,6,16,9,57,11,124.8
2017,6,16,9,57,12,124.8
2017,6,16,9,57,13,124.8
2017,6,16,9,57,14,124.8
2017,6,16,9,57,15,124.8
2017,6,16,9,57,16,124.8
2017,6,16,9,57,17,124.8
2017,6,16,9,57,18,124.8
2017,6,16,9,57,19,124.8
2017,6,16,9,57,20,124.8
2017,6,16,9,57,21,124.8
2017,6,16,9,57,22,124.8
2017,6,16,9,57,23,124.8
2017,6,16,9,57,24,124.8
2017,6,16,9,57,25,124.8
2017,6,16,9,57,26,124.8
2017,6,16,9,57,27,124.8
2017,6,16,9,57,28,124.8
2017,6,16,9,57,29,124.8
2017,6,16,9,57,30,124.8
2017,6,16,9,57,31,124.8
2017,6,16,9,57,32,124.8
2017,6,16,9,57,33,124.8
2017,6,16,9,57,34,124.8
2017,6,16,9,57,35,124.8
2017,6,16,9,57,36,124.8
2017,6,16,9,57,37,124.8
2017,6,16,9,57,38,124.8
2017,6,16,9,57,39,124.8
2017,6,16,9,57,40,124.8
2017,6,16,9,57,41,124.8
2017,6,16,9,57,42,124.8
2017,6,16,9,57,43,124.8
2017,6,16,9,57,44,124.8
2017,6,16,9,57,45,124.8
2017,6,16,9,57,46,124.8
2017,6,16,9,57,47,124.8
2017,6,16,9,57,48,124.8
2017,6,16,9,57,49,124.8
2017,6,16,9,57,50,124.8
2017,6,16,9,57,51,124.8
2017,6,16,9,57,52,124.8
2017,6,16,9,57,53,124.8
2017,6,16,9,57,54,124.8
2017,6,16,9,57,55,124.8
2017,6,16,9,57,56,124.8
2017,6,16,9,57,57,124.8
2017,6,16,9,57,58,124.8
2017,6,16,9,57,59,124.8
2017,6,16,9,58,0,124.8
2017,6,16,9,58,1,124.8
2017,6,16,9,58,2,124.8
2017,6,16,9,58,3,124.8
2017,6,16,9,58,4,124.8
2017,6,16,9,58,5,124.8
2017,6,16,9,58,6,124.8
2017,6,16,9,58,7,124.8
2017,6,16,9,58,8,124.8
2017,6,16,9,58,9,124.8
2017,6,16,9,58,10,124.8
2017,6,16,9,58,11,124.8
2017,6,16,9,58,12,124.8
2017,6,16,9,58,13,124.8
2017,6,16,9,58,14,124.8
2017,6,16,9,58,15,124.8
2017,6,16,9,58,16,124.8
2017,6,16,9,58,17,124.8
2017,6,16,9,58,18,124.8
2017,6,16,9,58,19,124.8
2017,6,16,9,58,20,124.8
2017,6,16,9,58,21,124.8
2017,6,16,9,58,22,124.8
2017,6,16,9,58,23,124.8
2017,6,16,9,58,24,124.8
2017,6,16,9,58,25,124.8
2017,6,16,9,58,26,124.8
2017,6,16,9,58,27,124.8
2017,6,16,9,58,28,124.8
2017,6,16,9,58,29,124.8
2017,6,16,9,58,30,124.8
2017,6,16,9,58,31,124.8
2017,6,16,9,58,32,124.8
2017,6,16,9,58,33,124.8
2017,6,16,9,58,34,124.8
2017,6,16,9,58,35,124.8
2017,6,16,9,58,36,124.8
2017,6,16,9,58,37,124.8
2017,6,16,9,58,38,124.8
2017,6,16,9,58,39,124.8
2017,6,16,9,58,40,124.8
2017,6,16,9,58,41,124.8
2017,6,16,9,58,42,124.8
2017,6,16,9,58,43,124.8
2017,6,16,9,58,44,124.8
2017,6,16,9,58,45,124.8
2017,6,16,9,58,46,124.8
2017,6,16,9,58,47,124.8
2017,6,16,9,58,48,124.8
2017,6,16,9,58,49,124.8
2017,6,16,9,58,50,124.8
2017,6,16,9,58,51,124.8
2017,6,16,9,58,52,124.8
2017,6,16,9,58,53,124.8
2017,6,16,9,58,54,124.8
2017,6,16,9,58,55,124.8
2017,6,16,9,58,56,124.8
2017,6,16,9,58,57,124.8
2017,6,16,9,58,58,124.8
2017,6,16,9,58,59,124.8
2017,6,16,9,59,0,124.8
2017,6,16,9,59,1,124.8
2017,6,16,9,59,2,124.8
2017,6,16,9,59,3,124.8
2017,6,16,9,59,4,124.8
2017,6,16,9,59,5,124.8
2017,6,16,9,59,6,124.8
2017,6,16,9,59,7,124.8
2017,6,16,9,59,8,124.8
2017,6,16,9,59,9,124.8
2017,6,16,9,59,10,124.8
2017,6,16,9,59,11,124.8
2017,6,16,9,59,12,124.8
2017,6,16,9,59,13,124.8
2017,6,16,9,59,14,124.8
2017,6,16,9,59,15,124.8
2017,6,16,9,59,16,124.8
2017,6,16,9,59,17,124.8
2017,6,16,9,59,18,124.8
2017,6,16,9,59,19,124.8
2017,6,16,9,59,20,124.8
2017,6,16,9,59,21,124.8
2017,6,16,9,59,22,124.8
2017,6,16,9,59,23,124.8
2017,6,16,9,59,24,124.8
2017,6,16,9,59,25,124.8
2017,6,16,9,59,26,124.8
2017,6,16,9,59,27,124.8
2017,6,16,9,59,28,124.8
2017,6,16,9,59,29,124.8
2017,6,16,9,59,30,124.8
2017,6,16,9,59,31,124.8
2017,6,16,9,59,32,124.8
2017,6,16,9,59,33,124.8
2017,6,16,9,59,34,124.8
2017,6,16,9,59,35,124.8
2017,6,16,9,59,36,124.8
2017,6,16,9,59,37,124.8
2017,6,16,9,59,38,124.8
